place_id,place_name,city,category,budget_level,best_season,crowd_level,suitable_for,suitable_age,duration_needed,rating,description,url
1,Pyramids of Giza,Cairo,history,medium,winter,crowded,family|couple|solo|friends,teen|adult|senior,4,4.9,The last surviving wonder of the ancient world on the Giza plateau.,https://res.cloudinary.com/ddpwxrmx4/image/upload/q_auto/f_auto/v1780614710/Pyramids_of_Giza_kzrknh.jpg
2,Egyptian Museum,Cairo,history,low,any,crowded,family|couple|solo|friends,teen|adult|senior,3,4.7,World's largest collection of ancient Egyptian artifacts.,https://res.cloudinary.com/ddpwxrmx4/image/upload/q_auto/f_auto/v1780614709/Egyptian_Museum_spv1eq.jpg
3,Karnak Temple,Luxor,history,medium,winter,crowded,family|couple|solo|friends,teen|adult|senior,3,4.8,The largest ancient religious site in the world.,https://res.cloudinary.com/ddpwxrmx4/image/upload/q_auto/f_auto/v1780614712/Karnak_Temple_mruobe.jpg
4,Valley of the Kings,Luxor,history,medium,winter,moderate,couple|solo|friends,teen|adult,4,4.8,Royal burial ground of pharaohs including Tutankhamun.,https://res.cloudinary.com/ddpwxrmx4/image/upload/q_auto/f_auto/v1780614713/Valley_of_the_Kings_fcqoil.jpg
5,Abu Simbel Temples,Aswan,history,high,winter,moderate,family|couple|solo|friends,teen|adult|senior,5,4.9,Two massive rock-cut temples built by Ramesses II.,https://res.cloudinary.com/ddpwxrmx4/image/upload/q_auto/f_auto/v1780614706/Abu_Simbel_Temples_o9imux.jpg
6,Luxor Temple,Luxor,history,low,winter,crowded,family|couple|solo|friends,teen|adult|senior,2,4.7,Ancient Egyptian temple complex on the east bank of the Nile.,https://res.cloudinary.com/ddpwxrmx4/image/upload/q_auto/f_auto/v1780614709/Luxor_Temple_mxald1.jpg
7,Saqqara Step Pyramid,Cairo,history,medium,winter,quiet,couple|solo|friends,adult,3,4.5,The oldest complete stone building complex in history.,https://res.cloudinary.com/ddpwxrmx4/image/upload/q_auto/f_auto/v1780614713/Saqqara_Step_Pyramid_yuo28k.jpg
8,Philae Temple,Aswan,history,medium,winter,moderate,family|couple|solo,teen|adult|senior,2,4.6,"Island temple dedicated to goddess Isis, accessible by boat.",https://res.cloudinary.com/ddpwxrmx4/image/upload/q_auto/f_auto/v1780614710/Philae_Temple_fy1hgf.jpg
9,Colossi of Memnon,Luxor,history,low,any,moderate,family|couple|solo|friends,teen|adult|senior,1,4.3,Two massive stone statues of Pharaoh Amenhotep III.,https://res.cloudinary.com/ddpwxrmx4/image/upload/q_auto/f_auto/v1780614703/Colossi_of_Memnon_pcoihi.jpg
10,Bibliotheca Alexandrina,Alexandria,history,low,any,moderate,family|couple|solo|friends,teen|adult|senior,3,4.6,Modern revival of the ancient Library of Alexandria.,https://res.cloudinary.com/ddpwxrmx4/image/upload/q_auto/f_auto/v1780614709/Dibliotheca_Alexandrina_l8ndiw.jpg
11,Medinet Habu Temple,Luxor,history,low,winter,quiet,couple|solo|friends,adult,2,4.5,Mortuary temple of Ramesses III with well-preserved painted reliefs.,https://res.cloudinary.com/ddpwxrmx4/image/upload/q_auto/f_auto/v1780616536/Medinet_Habu_Temple_tszdwc.jpg
12,Deir el-Bahari (Hatshepsut),Luxor,history,medium,winter,moderate,couple|solo|friends,teen|adult,2,4.6,Mortuary temple of Queen Hatshepsut carved into the cliffs of Deir el-Bahari.,https://res.cloudinary.com/ddpwxrmx4/image/upload/q_auto/f_auto/v1780616531/Deir_el-Bahari_hstfq5.jpg
13,Dendera Temple Complex,Qena,history,medium,winter,quiet,couple|solo|friends,adult,3,4.5,Temple of Hathor with remarkably preserved zodiac ceilings.,https://res.cloudinary.com/ddpwxrmx4/image/upload/q_auto/f_auto/v1780616529/Dendera_Temple_Complex_qf7ltj.jpg
14,Abydos Temple,Sohag,history,medium,winter,quiet,solo|couple,adult,2,4.4,One of Egypt's oldest cities containing the Temple of Seti I.,https://res.cloudinary.com/ddpwxrmx4/image/upload/q_auto/f_auto/v1780616487/Abydos_Temple_rtds9q.jpg
15,Edfu Temple,Edfu,history,medium,winter,moderate,family|couple|solo|friends,teen|adult|senior,2,4.5,"Best-preserved ancient Egyptian temple, dedicated to Horus.",https://res.cloudinary.com/ddpwxrmx4/image/upload/q_auto/f_auto/v1780616531/Edfu_Temple_dluuia.jpg
16,Kom Ombo Temple,Kom Ombo,history,low,winter,moderate,family|couple|solo|friends,teen|adult|senior,1,4.4,Unique double temple dedicated to both Sobek and Horus on the Nile bank.,https://res.cloudinary.com/ddpwxrmx4/image/upload/q_auto/f_auto/v1780616530/Kom_Ombo_Temple_cx3fqb.jpg
17,Alexandria Catacombs,Alexandria,history,low,any,moderate,solo|couple|friends,adult,2,4.4,Ancient Roman-Egyptian burial site with underground chambers.,https://res.cloudinary.com/ddpwxrmx4/image/upload/q_auto/f_auto/v1780616528/Alex_Catacombs_afjekk.jpg
18,Pompey's Pillar,Alexandria,history,low,any,quiet,solo|couple|friends,teen|adult|senior,1,4.1,Towering Roman triumphal column in the heart of Alexandria.,https://res.cloudinary.com/ddpwxrmx4/image/upload/q_auto/f_auto/v1780616531/Pompey_s_Pillar_veexcd.jpg
19,Qaitbay Citadel,Alexandria,history,low,any,moderate,family|couple|solo|friends,teen|adult|senior,2,4.4,15th-century fortress built on the site of the ancient Lighthouse of Alexandria.,https://res.cloudinary.com/ddpwxrmx4/image/upload/q_auto/f_auto/v1780616533/Qaitbay_Citadel_u9utda.jpg
20,Nubian Museum,Aswan,history,low,any,quiet,solo|couple|friends,adult|senior,2,4.5,Museum celebrating the rich history and culture of the Nubian people.,https://res.cloudinary.com/ddpwxrmx4/image/upload/q_auto/f_auto/v1780616532/Nubian_Museum_jpk2oc.jpg
21,Grand Egyptian Museum,Cairo,history,high,any,crowded,family|couple|solo|friends,teen|adult|senior,5,4.8,"The world's largest archaeological museum, home to over 100,000 artifacts.",https://res.cloudinary.com/ddpwxrmx4/image/upload/q_auto/f_auto/v1780614709/Egyptian_Museum_spv1eq.jpg
22,Coptic Museum Cairo,Cairo,history,low,any,quiet,solo|couple|friends,adult|senior,2,4.3,World's largest collection of Coptic Christian art and artifacts.,https://res.cloudinary.com/ddpwxrmx4/image/upload/q_auto/f_auto/v1780617814/Cooptic_Museum_bpput2.jpg
23,Ramesseum,Luxor,history,low,winter,quiet,solo|couple|friends,adult,2,4.3,Mortuary temple of Ramesses II with the famous fallen Ozymandias colossus.,https://res.cloudinary.com/ddpwxrmx4/image/upload/q_auto/f_auto/v1780617819/Ramesseum_islupf.jpg
24,Valley of the Queens,Luxor,history,medium,winter,quiet,couple|solo|friends,adult,2,4.4,Burial site of queens and royal children with exquisite painted tombs.,https://res.cloudinary.com/ddpwxrmx4/image/upload/q_auto/f_auto/v1780617823/Valley_of_the_Queens_knpcat.jpg
25,Aswan High Dam,Aswan,history,low,any,moderate,family|solo|friends,teen|adult|senior,1,4.0,"One of the world's largest embankment dams, reshaping modern Egypt.",https://res.cloudinary.com/ddpwxrmx4/image/upload/q_auto/f_auto/v1780617812/Aswan_High_Dam_xydurg.jpg
26,Kharga Oasis Temples,Kharga,history,medium,winter,quiet,solo|couple,adult,3,4.2,Remote oasis with ancient temples and early Christian monuments.,https://res.cloudinary.com/ddpwxrmx4/image/upload/q_auto/f_auto/v1780617818/Kharga_Oasis_w4cerv.jpg
27,Tell El-Amarna,Minya,history,medium,winter,quiet,solo|couple,adult,3,4.2,"Ruins of Akhenaten's short-lived capital city, the most important Amarna period site.",https://res.cloudinary.com/ddpwxrmx4/image/upload/q_auto/f_auto/v1780617822/Tell_El-Amarna_dgnuny.jpg
28,Beni Hasan Tombs,Minya,history,low,winter,quiet,solo|couple,adult,2,4.1,Middle Kingdom rock-cut tombs with vivid paintings of daily ancient Egyptian life.,https://res.cloudinary.com/ddpwxrmx4/image/upload/q_auto/f_auto/v1780617814/Beni_Hasan_tombs_hdqbdo.jpg
29,Esna Temple,Esna,history,low,winter,quiet,solo|couple|friends,adult|senior,1,4.2,Roman-era temple to Khnum half-buried below the modern town level.,https://res.cloudinary.com/ddpwxrmx4/image/upload/q_auto/f_auto/v1780617817/Esna_temple_uw2vnk.jpg
30,Abusir Pyramids,Cairo,history,low,winter,quiet,solo|couple,adult,2,4.1,"Fifth Dynasty pyramid complex, quieter and less touristy than Giza.",https://res.cloudinary.com/ddpwxrmx4/image/upload/q_auto/f_auto/v1780617812/Abusir_Pyramids_u1ixuc.jpg
31,Dahshur Pyramids,Cairo,history,low,winter,quiet,couple|solo|friends,teen|adult,2,4.3,Bent Pyramid and Red Pyramid — Egypt's first true pyramids with interior access.,https://res.cloudinary.com/ddpwxrmx4/image/upload/q_auto/f_auto/v1780617815/Duhshur_Pyramids_rouqb2.jpg
32,Serapeum of Saqqara,Cairo,history,medium,winter,quiet,solo|couple,adult,2,4.4,Underground burial vaults of the sacred Apis bulls carved deep into the rock.,https://res.cloudinary.com/ddpwxrmx4/image/upload/q_auto/f_auto/v1780617820/Serapeum_of_Saqqara_yfu3a7.jpg
33,Elephantine Island Ruins,Aswan,history,low,winter,quiet,solo|couple|friends,adult,2,4.2,Ancient island settlement at the first Nile cataract with a Nilometer.,https://res.cloudinary.com/ddpwxrmx4/image/upload/q_auto/f_auto/v1780617815/Elephantine_Island_Ruins_iq8mtw.jpg
34,Wadi Natrun Monasteries,Wadi Natrun,history,low,winter,quiet,solo|couple,adult|senior,3,4.3,Group of ancient Coptic monasteries continuously inhabited since the 4th century.,https://res.cloudinary.com/ddpwxrmx4/image/upload/q_auto/f_auto/v1780617824/Wadi_Natrun_Monasteries_hnwsjp.jpg
35,Tanis Archaeological Site,Sharqia,history,low,winter,quiet,solo|couple,adult,2,4.`0,Delta city containing royal tombs that rivaled those in the Valley of the Kings.,https://res.cloudinary.com/ddpwxrmx4/image/upload/q_auto/f_auto/v1780617821/Tanis_Archaeological_Site_jatkv1.jpg
36,Sharm El-Sheikh Beach,Sharm El-Sheikh,beach,high,any,crowded,family|couple|friends,teen|adult,8,4.7,World-class diving and snorkeling in crystal Red Sea waters.,https://res.cloudinary.com/ddpwxrmx4/image/upload/q_auto/f_auto/v1780617821/Sharm_El-Sheikh_Beach_lanuta.jpg
37,Hurghada Beach,Hurghada,beach,medium,any,crowded,family|couple|friends,teen|adult|senior,8,4.5,Popular Red Sea resort with beautiful beaches and water sports.,https://res.cloudinary.com/ddpwxrmx4/image/upload/q_auto/f_auto/v1780617817/Hurghada_Beach_xxqeoq.jpg
38,Marsa Alam Beach,Marsa Alam,beach,medium,any,quiet,couple|solo|friends,adult,8,4.6,Pristine coral reefs and secluded beaches for diving enthusiasts.,https://res.cloudinary.com/ddpwxrmx4/image/upload/q_auto/f_auto/v1780617818/Marsa_Alam_Beach_bxll4y.jpg
39,Dahab Beach,Dahab,beach,low,any,quiet,solo|friends|couple,teen|adult,8,4.5,Bohemian Red Sea town with a famous laid-back atmosphere and the Blue Hole.,https://res.cloudinary.com/ddpwxrmx4/image/upload/q_auto/f_auto/v1780617816/Dahab_Beach_ofa8hx.jpg
40,Marsa Matrouh Beach,Marsa Matrouh,beach,low,summer,moderate,family|friends,teen|adult|senior,8,4.4,Mediterranean beach with impossibly turquoise water.,https://res.cloudinary.com/ddpwxrmx4/image/upload/q_auto/f_auto/v1780617819/Marsa_Matrouh_Beach_uyl9np.jpg
41,Ain Sokhna Beach,Ain Sokhna,beach,medium,summer,crowded,family|couple,teen|adult|senior,8,4.0,"Convenient Red Sea resort 120 km from Cairo, popular for weekends.",https://res.cloudinary.com/ddpwxrmx4/image/upload/q_auto/f_auto/v1780618654/Ain_Sokhna_Beach_twzpf8.jpg
42,Nuweiba Beach,Nuweiba,beach,low,any,quiet,solo|couple|friends,teen|adult,8,4.3,Tranquil Sinai beach with views of Saudi Arabia and Jordan across the Gulf.,https://res.cloudinary.com/ddpwxrmx4/image/upload/q_auto/f_auto/v1780618651/Nuweiba_Beach_eoo9uv.jpg
43,Taba Beach,Taba,beach,medium,any,quiet,couple|friends,adult,8,4.2,"Remote northern Sinai beach where Egypt, Israel, Jordan, and Saudi Arabia meet.",https://res.cloudinary.com/ddpwxrmx4/image/upload/q_auto/f_auto/v1780618648/Taba_Beach_nacl4i.jpg
44,El-Gouna Lagoon Beach,Hurghada,beach,high,any,moderate,couple|friends|family,adult|senior,8,4.6,Upscale resort town on a lagoon system with beautiful private beaches.,https://res.cloudinary.com/ddpwxrmx4/image/upload/q_auto/f_auto/v1780618652/El-Gouna_Lagoon_Beach_zecreu.jpg
45,Soma Bay Beach,Hurghada,beach,high,any,quiet,couple|friends,adult,8,4.5,Exclusive peninsula resort with world-class kite surfing and golf.,https://res.cloudinary.com/ddpwxrmx4/image/upload/q_auto/f_auto/v1780618650/Soma_Bay_Beach_phoixe.jpg
46,Sahl Hasheesh Beach,Hurghada,beach,high,any,moderate,couple|friends|family,adult|senior,8,4.4,Upmarket planned resort town with pristine beaches south of Hurghada.,https://res.cloudinary.com/ddpwxrmx4/image/upload/q_auto/f_auto/v1780618649/Sahl_Hasheesh_Beach_jtoc7n.jpg
47,Agiba Beach,Marsa Matrouh,beach,low,summer,quiet,solo|couple,adult,6,4.5,"Hidden cove with electric-blue water, only accessible by boat or a rocky path.",https://res.cloudinary.com/ddpwxrmx4/image/upload/q_auto/f_auto/v1780618653/Agiba_Beach_wf1ikq.jpg
48,Cleopatra Beach,Marsa Matrouh,beach,low,summer,moderate,family|couple|friends,teen|adult|senior,6,4.3,Famous crescent-shaped beach named after Cleopatra's legendary bathing spot.,https://res.cloudinary.com/ddpwxrmx4/image/upload/q_auto/f_auto/v1780618654/Cleopatra_Beach_c6ijus.jpg
49,Ras Sidr Beach,Ras Sidr,beach,low,any,moderate,family|friends,teen|adult,8,4.0,Popular Sinai beach famous for kitesurfing with steady winds year-round.,https://res.cloudinary.com/ddpwxrmx4/image/upload/q_auto/f_auto/v1780618651/Ras_Sidr_Beach_g1xcys.jpg
50,Port Ghalib Beach,Marsa Alam,beach,high,any,quiet,couple|friends,adult,8,4.4,Modern marina resort with direct access to pristine offshore reefs.,https://res.cloudinary.com/ddpwxrmx4/image/upload/q_auto/f_auto/v1780618649/Port_Ghalib_Beach_i3adrp.jpg
51,Hamata Islands,Marsa Alam,beach,medium,any,quiet,solo|couple|friends,adult,8,4.7,Remote mangrove-fringed islands with untouched reefs and dugong sightings.,https://res.cloudinary.com/ddpwxrmx4/image/upload/q_auto/f_auto/v1780619028/Hamata_Islands_rwasfy.jpg
52,Ras Abu Galom,Dahab,beach,low,any,quiet,solo|friends|couple,teen|adult,6,4.6,Protected lagoon accessible only by camel or boat with stunning coral gardens.,https://res.cloudinary.com/ddpwxrmx4/image/upload/q_auto/f_auto/v1780618652/Ras_Abu_Galom_dkscxh.jpg
53,Sharm Old Market Beach,Sharm El-Sheikh,beach,medium,any,crowded,family|couple|friends,teen|adult|senior,6,4.2,Lively beach strip near the old market with beach clubs and watersports.,https://res.cloudinary.com/ddpwxrmx4/image/upload/q_auto/f_auto/v1780618648/Sharm_Old_Market_Beach_phwtyf.jpg
54,Paradise Beach Hurghada,Hurghada,beach,medium,any,moderate,family|couple|friends,teen|adult|senior,6,4.1,Glass-bottom boat trips and beach club on a coral island near Hurghada.,https://res.cloudinary.com/ddpwxrmx4/image/upload/q_auto/f_auto/v1780618650/Paradise_Beach_Hurghada_ofi7n1.jpg
55,Na'ama Bay Beach,Sharm El-Sheikh,beach,high,any,crowded,couple|friends|family,teen|adult|senior,8,4.5,"Sharm's main beach hub with luxury hotels, restaurants, and dive centers.",https://res.cloudinary.com/ddpwxrmx4/image/upload/q_auto/f_auto/v1780618651/Na_ama_Bay_Beach_po59fy.jpg
56,Khan El-Khalili Bazaar,Cairo,food,low,any,crowded,family|couple|solo|friends,teen|adult|senior,3,4.5,Historic bazaar with street food and authentic Egyptian cuisine since 1382.,https://res.cloudinary.com/ddpwxrmx4/image/upload/q_auto/f_auto/v1780674601/Khan_El-Khalili_Bazaar_pfhfpq.jpg
57,Alexandria Seafood District,Alexandria,food,medium,any,moderate,family|couple|friends,adult|senior,2,4.6,Fresh Mediterranean seafood restaurants along the Corniche.,https://res.cloudinary.com/ddpwxrmx4/image/upload/q_auto/f_auto/v1780674595/Alexandria_Seafood_District_oydmvu.jpg
58,Nubian Village Food Tour,Aswan,food,low,winter,quiet,couple|solo|friends,adult,3,4.4,Traditional Nubian cuisine in a colorful Nile village.,https://res.cloudinary.com/ddpwxrmx4/image/upload/q_auto/f_auto/v1780674599/Nubian_Village_Food_Tour_sih8v3.jpg
59,Luxor Local Food Market,Luxor,food,low,any,moderate,solo|couple|friends,teen|adult,2,4.2,Vibrant local market with authentic Upper Egyptian street food.,https://res.cloudinary.com/ddpwxrmx4/image/upload/q_auto/f_auto/v1780674601/Luxor_Local_Food_Market_wcaoaj.jpg
60,Zamalek Restaurant Mile,Cairo,food,medium,any,moderate,couple|friends|solo,adult,2,4.5,Cairo's trendiest dining strip on Gezira Island with rooftop Nile views.,https://res.cloudinary.com/ddpwxrmx4/image/upload/q_auto/f_auto/v1780674595/Zamalek_Restaurant_Mile_uih2ly.jpg
61,Aswan Spice Market,Aswan,food,low,any,moderate,solo|couple|friends,teen|adult|senior,1,4.1,"Colorful market filled with Nubian spices, hibiscus tea, and dried fruits.",https://res.cloudinary.com/ddpwxrmx4/image/upload/q_auto/f_auto/v1780674603/Aswan_Spice_Market_srcumi.jpg
62,Port Said Seafood Walk,Port Said,food,low,any,moderate,family|friends|couple,adult|senior,2,4.2,Famous waterfront for fresh Suez Canal fish and Mediterranean seafood.,https://res.cloudinary.com/ddpwxrmx4/image/upload/q_auto/f_auto/v1780674596/Port_Said_Seafood_Walk_o6crvu.jpg
63,Siwa Oasis Organic Farm,Siwa,food,medium,spring,quiet,couple|solo,adult,2,4.4,Organic date and olive farm with traditional Siwan cooking classes.,https://res.cloudinary.com/ddpwxrmx4/image/upload/q_auto/f_auto/v1780674595/Siwa_Oasis_Organic_Farm_mzpi5b.jpg
64,Mansoura Kunafa Trail,Mansoura,food,low,any,moderate,family|friends|couple,teen|adult|senior,2,4.3,"Delta city famous for the best kunafa in Egypt, baked fresh in street ovens.",https://res.cloudinary.com/ddpwxrmx4/image/upload/q_auto/f_auto/v1780674599/Mansoura_Kunafa_Trail_z1vxpz.jpg
65,Abou Tarek Koshary Cairo,Cairo,food,low,any,crowded,solo|friends|couple,teen|adult|senior,1,4.6,"The legendary koshary restaurant in downtown Cairo, a Cairo institution since 1950.",https://res.cloudinary.com/ddpwxrmx4/image/upload/q_auto/f_auto/v1780674598/Abou_Tarek_Koshary_Cairo_kxk4nw.jpg
66,Borg El-Arab Food Festival,Alexandria,food,medium,summer,crowded,family|friends,teen|adult|senior,3,4.1,Seasonal festival showcasing the best of Alexandria's diverse food culture.,https://res.cloudinary.com/ddpwxrmx4/image/upload/q_auto/f_auto/v1780674605/Borg_El-Arab_Food_Festival_udnhex.jpg
67,Nile Felucca Dinner Cruise,Cairo,food,medium,any,moderate,couple|friends,adult,3,4.4,Traditional sailing boat dinner on the Nile at sunset through central Cairo.,https://res.cloudinary.com/ddpwxrmx4/image/upload/q_auto/f_auto/v1780674598/Nile_Felucca_Dinner_Cruise_xesyxi.jpg
68,Dokki Fish Market Cairo,Cairo,food,low,any,crowded,solo|friends|family,adult,2,4.2,Choose your fresh Nile fish and have it cooked on-site with Egyptian spices.,https://res.cloudinary.com/ddpwxrmx4/image/upload/q_auto/f_auto/v1780674602/Dokki_Fish_Market_Cairo_jmgmcy.jpg
69,Dahab Bedouin Cooking Class,Dahab,food,medium,any,quiet,solo|couple|friends,adult,3,4.5,Learn to cook traditional Bedouin dishes with a local family in Dahab.,https://res.cloudinary.com/ddpwxrmx4/image/upload/q_auto/f_auto/v1780674604/Dahab_Bedouin_Cooking_Class_cdtpem.jpg
70,Hurghada Marina Dining Strip,Hurghada,food,medium,any,moderate,couple|friends|family,adult|senior,2,4.3,Waterfront restaurants with international and Egyptian cuisine at the modern marina.,https://res.cloudinary.com/ddpwxrmx4/image/upload/q_auto/f_auto/v1780674602/Hurghada_Marina_Dining_Strip_xfbasn.jpg
71,Siwa Oasis Hot Springs,Siwa,wellness,medium,spring,quiet,couple|solo,adult|senior,6,4.8,"Natural hot spring pools in the desert oasis, perfect for relaxation.",https://res.cloudinary.com/ddpwxrmx4/image/upload/q_auto/f_auto/v1780677991/Siwa_Oasis_Hot_Springs_nx1n6f.jpg
72,Hurghada Spa Resorts,Hurghada,wellness,high,any,quiet,couple|solo,adult|senior,6,4.5,World-class spa centers in luxury Red Sea resorts with thalassotherapy.,https://res.cloudinary.com/ddpwxrmx4/image/upload/q_auto/f_auto/v1780678001/Hurghada_Spa_Resorts_t9dvoh.jpg
73,Sharm El-Sheikh Wellness Resort,Sharm El-Sheikh,wellness,high,any,quiet,couple|solo,adult|senior,6,4.6,"Premium retreat with yoga, meditation, and holistic treatments by the Red Sea.",https://res.cloudinary.com/ddpwxrmx4/image/upload/q_auto/f_auto/v1780677991/Sharm_El-Sheikh_Wellness_Resort_ejt6kl.jpg
74,Siwa Salt Lake Float,Siwa,wellness,low,spring,quiet,solo|couple|friends,adult,3,4.7,"Natural hyper-saline lake where you float effortlessly, Dead Sea style.",https://res.cloudinary.com/ddpwxrmx4/image/upload/q_auto/f_auto/v1780677992/Siwa_Salt_Lake_Float_v0ym6d.jpg
75,Luxor Yoga Retreat,Luxor,wellness,medium,winter,quiet,solo|couple,adult|senior,6,4.4,Sunrise yoga sessions with views of the Nile and Theban mountains.,https://res.cloudinary.com/ddpwxrmx4/image/upload/q_auto/f_auto/v1780678000/Luxor_Yoga_Retreat_eumua7.jpg
76,Aswan Nile Hammam,Aswan,wellness,low,any,quiet,solo|couple,adult|senior,2,4.3,Traditional Egyptian hammam experience in the heart of Aswan.,https://res.cloudinary.com/ddpwxrmx4/image/upload/q_auto/f_auto/v1780678008/Aswan_Nile_Hammam_oapjgi.jpg
77,Marsa Alam Diving Retreat,Marsa Alam,wellness,medium,any,quiet,solo|couple|friends,adult,6,4.6,Holistic underwater therapy retreat with meditation and deep-sea diving.,https://res.cloudinary.com/ddpwxrmx4/image/upload/q_auto/f_auto/v1780677996/Marsa_Alam_Diving_Retreat_jfm5mk.jpg
78,Cairo Rooftop Meditation,Cairo,wellness,low,any,quiet,solo|couple,adult,2,4.2,Morning meditation sessions on rooftops overlooking the city and pyramids.,https://res.cloudinary.com/ddpwxrmx4/image/upload/q_auto/f_auto/v1780678002/Cairo_Rooftop_Meditation_vbgmph.jpg
79,Nubian Wellness Village,Aswan,wellness,medium,winter,quiet,couple|solo,adult|senior,4,4.5,Eco-lodge wellness retreat on a Nile island with Nubian healing traditions.,https://res.cloudinary.com/ddpwxrmx4/image/upload/q_auto/f_auto/v1780677996/Nubian_Wellness_Village_qzw60f.jpg
80,Ain El-Sira Lake Cairo,Cairo,wellness,low,any,quiet,solo|couple,adult|senior,2,3.9,Historic spring-fed lake in old Cairo used for relaxation since pharaonic times.,https://res.cloudinary.com/ddpwxrmx4/image/upload/q_auto/f_auto/v1780678009/Ain_El-Sira_Lake_Cairo_b35t0m.jpg
81,Fayoum Lotus Lake,Fayoum,wellness,low,spring,quiet,couple|solo,adult|senior,3,4.3,"Serene oasis lake surrounded by lotus flowers, perfect for mindful walks.",https://res.cloudinary.com/ddpwxrmx4/image/upload/q_auto/f_auto/v1780678002/Fayoum_Lotus_Lake_wdfks0.jpg
82,Dahab Sound Bath Retreat,Dahab,wellness,medium,any,quiet,solo|couple,adult,4,4.4,Tibetan bowl sound healing sessions in an open-air desert setting.,https://res.cloudinary.com/ddpwxrmx4/image/upload/q_auto/f_auto/v1780678005/Dahab_Sound_Bath_Retreat_h3ke3r.jpg
83,Al-Azhar Mosque,Cairo,religious,low,any,crowded,family|couple|solo,teen|adult|senior,2,4.7,"One of the oldest mosques in Cairo, over 1000 years of Islamic scholarship.",https://res.cloudinary.com/ddpwxrmx4/image/upload/q_auto/f_auto/v1780678010/Al-Azhar_Mosque_rd0zvn.jpg
84,Hanging Church (Cairo),Cairo,religious,low,any,moderate,family|couple|solo,teen|adult|senior,1,4.5,"One of the oldest Coptic churches in Egypt, built above a Roman gatehouse.",https://res.cloudinary.com/ddpwxrmx4/image/upload/q_auto/f_auto/v1780678000/Hanging_Church_Cairo_uzdaol.jpg
85,Saint Catherine Monastery,South Sinai,religious,medium,spring,moderate,solo|couple|friends,adult|senior,6,4.8,One of the oldest working Christian monasteries in the world.,https://res.cloudinary.com/ddpwxrmx4/image/upload/q_auto/f_auto/v1780677994/Saint_Catherine_Monastery_fgbxeo.jpg
86,Mohamed Ali Mosque (Citadel),Cairo,religious,low,any,crowded,family|couple|solo|friends,teen|adult|senior,2,4.6,Magnificent Ottoman mosque inside the Saladin Citadel.,https://res.cloudinary.com/ddpwxrmx4/image/upload/q_auto/f_auto/v1780677996/Mohamed_Ali_Mosque_Citadel_i8cftd.jpg
87,Amr Ibn Al-As Mosque,Cairo,religious,low,any,moderate,family|solo|couple,teen|adult|senior,1,4.4,"The first mosque built in Egypt and Africa, 641 AD.",https://res.cloudinary.com/ddpwxrmx4/image/upload/q_auto/f_auto/v1780678006/Amr_Ibn_Al-As_Mosque_lpxqfk.jpg
88,Ben Ezra Synagogue,Cairo,religious,low,any,quiet,solo|couple,adult|senior,1,4.3,One of the oldest synagogues in Egypt.,https://res.cloudinary.com/ddpwxrmx4/image/upload/q_auto/f_auto/v1780678006/Ben_Ezra_Synagogue_ohgx3n.jpg
89,Abu Mena Ruins,Alexandria,religious,low,winter,quiet,solo|couple,adult,2,4.1,UNESCO World Heritage Site early Christian pilgrimage center.,https://res.cloudinary.com/ddpwxrmx4/image/upload/q_auto/f_auto/v1780678009/Abu_Mena_Ruins_xib0bs.jpg
90,Saint Mark's Cathedral,Alexandria,religious,low,any,quiet,family|couple|solo,adult|senior,1,4.4,One of the most important Coptic Orthodox cathedrals in Egypt.,https://res.cloudinary.com/ddpwxrmx4/image/upload/q_auto/f_auto/v1780677992/Saint_Mark_s_Cathedral_igkjft.jpg
91,Imam Hussain Mosque,Cairo,religious,low,any,crowded,family|solo,teen|adult|senior,1,4.5,Shia mosque next to Khan El-Khalili housing the head of Imam Hussain.,https://res.cloudinary.com/ddpwxrmx4/image/upload/q_auto/f_auto/v1780678000/Imam_Hussain_Mosque_fremf2.jpg
92,Mosque of Ibn Tulun,Cairo,religious,low,any,quiet,solo|couple|friends,adult|senior,1,4.5,"One of the oldest and largest mosques in Cairo, built 876-879 AD.",https://res.cloudinary.com/ddpwxrmx4/image/upload/q_auto/f_auto/v1780677995/Mosque_of_Ibn_Tulun_unmvqa.jpg
93,Wadi El Natrun Monasteries,Wadi Natrun,religious,low,winter,quiet,solo|couple,adult|senior,4,4.3,Ancient Coptic desert monasteries still inhabited by monks.,https://res.cloudinary.com/ddpwxrmx4/image/upload/q_auto/f_auto/v1780677991/Wadi_El_Natrun_Monasteries_ad7hbo.jpg
94,Sidi Bishr Mosque,Alexandria,religious,low,any,moderate,family|solo,teen|adult|senior,1,4.1,Beloved beachfront mosque in Alexandria with a distinctive minaret.,https://res.cloudinary.com/ddpwxrmx4/image/upload/q_auto/f_auto/v1780677991/Sidi_Bishr_Mosque_zcmjme.jpg
95,Mosque of Muhammad Ibn Qalaun,Cairo,religious,low,any,quiet,solo|couple,adult,1,4.3,Mamluk-era mosque-madrassa complex in the heart of Islamic Cairo.,https://res.cloudinary.com/ddpwxrmx4/image/upload/q_auto/f_auto/v1780677996/Mosque_of_Muhammad_Ibn_Qalaun_rnjiab.jpg
96,Aswan Nubian Mosque,Aswan,religious,low,any,quiet,family|solo,teen|adult|senior,1,4.0,Colorful Nubian-style mosque on the West Bank of the Nile in Aswan.,https://res.cloudinary.com/ddpwxrmx4/image/upload/q_auto/f_auto/v1780678003/Aswan_Nubian_Mosque_rwdqvy.jpg
97,Luxor Church of the Virgin,Luxor,religious,low,any,quiet,family|solo|couple,adult|senior,1,4.1,Ancient Coptic church believed to be on the route of the Holy Family.,https://res.cloudinary.com/ddpwxrmx4/image/upload/q_auto/f_auto/v1780678000/Luxor_Church_of_the_Virgin_yhthhv.jpg
98,Ras Gharib Church,Ras Gharib,religious,low,any,quiet,solo|couple,adult|senior,1,3.9,Peaceful Coptic church overlooking the Red Sea in a small fishing town.,https://res.cloudinary.com/ddpwxrmx4/image/upload/q_auto/f_auto/v1780677995/Ras_Gharib_Church_qw1jpd.jpg
99,Great Mosque of Tanta,Tanta,religious,low,any,moderate,family|solo,teen|adult|senior,1,4.2,"Major mosque in the Delta city of Tanta, site of Egypt's largest annual moulid.",https://res.cloudinary.com/ddpwxrmx4/image/upload/q_auto/f_auto/v1780678021/Great_Mosque_of_Tanta_jh0i7c.jpg
100,Sohag White Monastery,Sohag,religious,low,winter,quiet,solo|couple,adult|senior,2,4.2,5th century Coptic monastery built from blocks of a pharaonic temple.,https://res.cloudinary.com/ddpwxrmx4/image/upload/q_auto/f_auto/v1780677990/Sohag_White_Monastery_wiubzo.jpg
101,White Desert,Farafra,nature,medium,winter,quiet,solo|friends|couple,teen|adult,6,4.9,Surreal chalk-white rock formations in the Western Desert.,https://res.cloudinary.com/ddpwxrmx4/image/upload/v1782588281/White_Desert_tdl5q4.jpg
102,Wadi El-Rayan,Fayoum,nature,low,winter,moderate,family|friends|couple,teen|adult,6,4.5,"Protected area with waterfalls, lakes, and wildlife in Fayoum.",https://res.cloudinary.com/ddpwxrmx4/image/upload/v1782586580/Wadi_El-Rayan_m4bnie.jpg
103,Ras Mohamed National Park,Sharm El-Sheikh,nature,medium,any,moderate,friends|couple|solo,teen|adult,6,4.7,Egypt's first national park with stunning coral reefs.,https://res.cloudinary.com/ddpwxrmx4/image/upload/v1782586583/Ras_Mohamed_National_Park_tihpnm.jpg
104,Colored Canyon,South Sinai,nature,medium,winter,moderate,friends|couple|solo,teen|adult,4,4.6,Stunning narrow canyon with colorful rock formations in Sinai.,https://res.cloudinary.com/ddpwxrmx4/image/upload/v1782586588/Colored_Canyon_a5y6nx.jpg
105,Fayoum Oasis,Fayoum,nature,low,winter,quiet,family|couple|solo,teen|adult|senior,6,4.3,"Lush green oasis with ancient waterwheels, lakes, and fossils.",https://res.cloudinary.com/ddpwxrmx4/image/upload/v1782586585/Fayoum_Oasis_lyjpx9.jpg
106,Bahariya Oasis,Bahariya,nature,medium,winter,quiet,solo|friends|couple,adult,6,4.4,Gateway to the Black and White Deserts.,https://res.cloudinary.com/ddpwxrmx4/image/upload/v1782586588/Bahariya_Oasis_orhwpp.jpg
107,Nile Cruise (Luxor–Aswan),Luxor,nature,high,winter,moderate,family|couple,adult|senior,6,4.8,Classic Nile cruise passing ancient temples and lush riverbanks.,https://res.cloudinary.com/ddpwxrmx4/image/upload/v1782586583/Nile_Cruise_Luxor_Aswan_tnp0ye.jpg
108,Lake Nasser,Aswan,nature,medium,winter,quiet,couple|solo|friends,adult,6,4.5,One of the world's largest man-made lakes with Nubian temples.,https://res.cloudinary.com/ddpwxrmx4/image/upload/v1782586585/Lake_Nasser_yeq9g2.jpg
109,Dakhla Oasis,Dakhla,nature,medium,winter,quiet,solo|couple|friends,adult,6,4.4,"Remote inner oasis with hot springs, mud-brick villages, and ancient ruins.",https://res.cloudinary.com/ddpwxrmx4/image/upload/v1782586588/Dakhla_Oasis_yynsev.jpg
110,Farafra Oasis,Farafra,nature,low,winter,quiet,solo|couple,adult,4,4.3,The smallest and most remote of Egypt's Western Desert oases.,https://res.cloudinary.com/ddpwxrmx4/image/upload/v1782586589/Farafra_Oasis_l1ikzt.jpg
111,Wadi Degla Protectorate,Cairo,nature,low,winter,moderate,friends|family|couple,teen|adult,4,4.2,"Desert canyon nature reserve just outside Cairo, great for hiking and fossils.",https://res.cloudinary.com/ddpwxrmx4/image/upload/v1782586582/Wadi_Degla_Protectorate_iewh8r.jpg
112,Petrified Forest Cairo,Cairo,nature,low,winter,quiet,solo|friends|couple,adult,2,4.0,35-million-year-old petrified forest hidden in the Cairo desert.,https://res.cloudinary.com/ddpwxrmx4/image/upload/v1782586582/Petrified_Forest_Cairo_sydlxw.jpg
113,Wadi El-Hitan (Whale Valley),Fayoum,nature,medium,winter,quiet,solo|couple|friends,adult,4,4.7,UNESCO World Heritage Site with 40-million-year-old whale fossils in the desert.,https://res.cloudinary.com/ddpwxrmx4/image/upload/v1782586583/Wadi_El-Hitan_Whale_Valley_jw19tx.jpg
114,Gebel Elba Biosphere,Halayeb,nature,medium,winter,quiet,solo|friends,adult,6,4.6,Egypt's most biodiverse area on the Red Sea coast near Sudan.,https://res.cloudinary.com/ddpwxrmx4/image/upload/v1782586586/Gebel_Elba_Biosphere_rjyyvr.jpg
115,El-Agouzain Bird Sanctuary,Aswan,nature,low,winter,quiet,solo|couple|friends,adult|senior,3,4.2,Nile island bird sanctuary with over 100 species of migratory birds.,https://res.cloudinary.com/ddpwxrmx4/image/upload/v1782586589/El-Agouzain_Bird_Sanctuary_qzgoom.jpg
116,Zaranik Protectorate,North Sinai,nature,low,autumn,quiet,solo|couple,adult,4,4.1,Wetland bird migration hotspot on the Mediterranean coast of Sinai.,https://res.cloudinary.com/ddpwxrmx4/image/upload/v1782586580/Zaranik_Protectorate_c9ipol.jpg
117,Lake Qarun,Fayoum,nature,low,winter,moderate,family|couple|friends,teen|adult|senior,4,4.1,Ancient salt lake and major wintering area for migratory birds.,https://res.cloudinary.com/ddpwxrmx4/image/upload/v1782586585/Lake_Qarun_tk3pho.jpg
118,Sinai Desert Stargazing,South Sinai,nature,medium,any,quiet,solo|couple|friends,teen|adult,4,4.8,Some of the darkest skies in the world for stargazing in the Sinai wilderness.,https://res.cloudinary.com/ddpwxrmx4/image/upload/v1782586582/Sinai_Desert_Stargazing_cderbp.jpg
119,Arous El-Bahar Mangroves,Marsa Alam,nature,low,any,quiet,solo|couple|friends,adult,3,4.3,"Ancient mangrove forest on the Red Sea coast, a nesting ground for rare birds.",https://res.cloudinary.com/ddpwxrmx4/image/upload/v1782586591/Arous_El-Bahar_Mangroves_gq0mhc.jpg
120,Ras Gharib Coral Garden,Ras Gharib,nature,medium,any,quiet,solo|couple|friends,adult,4,4.5,Pristine offshore reef with hard corals and pelagic fish rarely visited by tourists.,https://res.cloudinary.com/ddpwxrmx4/image/upload/v1782586586/Ras_Gharib_Coral_Garden_qdawi1.jpg
121,Blue Hole Diving (Dahab),Dahab,adventure,medium,any,moderate,solo|friends|couple,teen|adult,6,4.8,"World-famous underwater sinkhole, one of the best dive sites globally.",https://res.cloudinary.com/ddpwxrmx4/image/upload/v1782588294/Blue_Hole_Diving_Dahab_sfend4.jpg
122,Mount Sinai Sunrise Hike,South Sinai,adventure,low,spring,moderate,solo|friends|couple,teen|adult,6,4.7,Midnight hike to Mount Sinai summit for a breathtaking sunrise.,https://res.cloudinary.com/ddpwxrmx4/image/upload/v1782588288/Mount_Sinai_Sunrise_Hike_hrfomd.jpg
123,Hot Air Balloon over Luxor,Luxor,adventure,high,winter,moderate,couple|family|friends,teen|adult|senior,2,4.9,Magical sunrise balloon ride over the Valley of the Kings.,https://res.cloudinary.com/ddpwxrmx4/image/upload/v1782588292/Hot_Air_Balloon_over_Luxor_zxyslm.jpg
124,Kitesurfing El-Gouna,Hurghada,adventure,high,any,moderate,solo|friends|couple,teen|adult,6,4.5,Egypt's kitesurfing capital with world-class wind conditions.,https://res.cloudinary.com/ddpwxrmx4/image/upload/v1782588288/Kitesurfing_El-Gouna_spaltf.jpg
125,Desert Safari (Western Desert),Cairo,adventure,medium,winter,quiet,solo|friends|couple,teen|adult,6,4.6,Multi-day safari with stargazing and sandboarding.,https://res.cloudinary.com/ddpwxrmx4/image/upload/v1782588295/Desert_Safari_Western_Desert_owwmrw.jpg
126,Snorkeling Giftun Island,Hurghada,adventure,medium,any,moderate,family|friends|couple,teen|adult|senior,6,4.6,Protected coral reef island with vibrant marine life.,https://res.cloudinary.com/ddpwxrmx4/image/upload/v1782588285/Snorkeling_Giftun_Island_ko7qmk.jpg
127,Sandboarding in Siwa,Siwa,adventure,medium,winter,quiet,solo|friends|couple,teen|adult,3,4.4,Thrilling sandboarding down the Great Sand Sea dunes.,https://res.cloudinary.com/ddpwxrmx4/image/upload/v1782588284/Sandboarding_in_Siwa_kp23yz.jpg
128,Kayaking on the Nile Aswan,Aswan,adventure,low,winter,quiet,solo|friends|couple,teen|adult,3,4.3,Peaceful kayaking through Nile islands near Aswan.,https://res.cloudinary.com/ddpwxrmx4/image/upload/v1782588291/Kayaking_on_the_Nile_Aswan_gxy7cn.jpg
129,Rock Climbing in Sinai,South Sinai,adventure,medium,spring,quiet,solo|friends,teen|adult,6,4.4,World-class rock climbing in the Sinai granite mountains.,https://res.cloudinary.com/ddpwxrmx4/image/upload/v1782588285/Rock_Climbing_in_Sinai_r2m8uo.jpg
130,Quad Biking Hurghada Desert,Hurghada,adventure,medium,winter,moderate,friends|couple|family,teen|adult,3,4.3,Thrilling quad bike rides through golden desert dunes.,https://res.cloudinary.com/ddpwxrmx4/image/upload/v1782588286/Quad_Biking_Hurghada_Desert_q9ynvn.jpg
131,Wadi Rum-Style Sinai Safari,South Sinai,adventure,medium,winter,quiet,solo|couple|friends,teen|adult,6,4.5,Camel-and-jeep Bedouin safari through the dramatic Sinai desert landscape.,https://res.cloudinary.com/ddpwxrmx4/image/upload/v1782588280/Wadi_Rum-Style_Sinai_Safari_t5wq3h.jpg
132,Parasailing Sharm El-Sheikh,Sharm El-Sheikh,adventure,medium,any,moderate,friends|couple|family,teen|adult,2,4.2,Soar above Na'ama Bay with panoramic views of the Red Sea and Sinai mountains.,https://res.cloudinary.com/ddpwxrmx4/image/upload/v1782588290/Parasailing_Sharm_El-Sheikh_y1yhiy.jpg
133,Wadi Hammamat Hike,Qena,adventure,low,winter,quiet,solo|friends|couple,teen|adult,4,4.3,Ancient trade route through dramatic rock formations with pharaonic inscriptions.,https://res.cloudinary.com/ddpwxrmx4/image/upload/v1782588283/Wadi_Hammamat_Hike_mwoaam.jpg
134,Nile Rafting Aswan,Aswan,adventure,medium,winter,moderate,friends|couple|family,teen|adult,3,4.4,White-water rafting through the Nile cataracts south of Aswan.,https://res.cloudinary.com/ddpwxrmx4/image/upload/v1782588288/Nile_Rafting_Aswan_xlulm4.jpg
135,Scuba Diving Marsa Alam,Marsa Alam,adventure,medium,any,quiet,solo|friends|couple,adult,6,4.7,"Pristine coral reefs with dugongs, dolphins, and hammerhead sharks.",https://res.cloudinary.com/ddpwxrmx4/image/upload/v1782588285/Scuba_Diving_Marsa_Alam_lsxc6d.jpg
136,Windsurfing Hurghada,Hurghada,adventure,medium,any,moderate,solo|friends|couple,teen|adult,4,4.3,Consistent Red Sea winds make Hurghada a top windsurfing destination.,https://res.cloudinary.com/ddpwxrmx4/image/upload/v1782588280/Windsurfing_Hurghada_cod2vm.jpg
137,Wadi Feiran Trekking,South Sinai,adventure,low,spring,quiet,solo|friends|couple,teen|adult,6,4.4,Trek through the largest oasis in Sinai with ancient palms and monastery ruins.,https://res.cloudinary.com/ddpwxrmx4/image/upload/v1782588283/Wadi_Feiran_Trekking_rorbzv.jpg
138,Sea Kayaking Red Sea Islands,Hurghada,adventure,medium,any,quiet,solo|friends|couple,teen|adult,6,4.4,Kayak between uninhabited Red Sea islands with crystal-clear water.,https://res.cloudinary.com/ddpwxrmx4/image/upload/v1782588283/Sea_Kayaking_Red_Sea_Islands_kk941c.jpg
139,Dune Bashing Siwa,Siwa,adventure,medium,winter,quiet,friends|couple,teen|adult,3,4.3,Adrenaline-fueled 4x4 dune bashing in the Great Sand Sea.,https://res.cloudinary.com/ddpwxrmx4/image/upload/v1782588291/Dune_Bashing_Siwa_byx5ie.jpg
140,Night Dive Sharm El-Sheikh,Sharm El-Sheikh,adventure,high,any,moderate,solo|friends|couple,adult,3,4.8,"Night dive to see phosphorescent plankton, sleeping reef sharks, and octopus.",https://res.cloudinary.com/ddpwxrmx4/image/upload/v1782588288/Night_Dive_Sharm_El-Sheikh_z38il5.jpg
141,Felucca Overnight Nile Trip,Aswan,adventure,low,winter,quiet,solo|friends|couple,teen|adult,6,4.6,Sleep under the stars on a traditional Nile sailboat between Aswan and Edfu.,https://res.cloudinary.com/ddpwxrmx4/image/upload/v1782588291/Felucca_Overnight_Nile_Trip_fh4cgw.jpg
142,Surfing at Safaga,Hurghada,adventure,medium,any,moderate,solo|friends,teen|adult,4,4.2,Consistent wave breaks and thermal winds make Safaga a growing surf destination.,https://res.cloudinary.com/ddpwxrmx4/image/upload/v1782588282/Surfing_at_Safaga_hsrqmj.jpg
143,ATV Desert Sinai,South Sinai,adventure,medium,winter,moderate,friends|couple|family,teen|adult,3,4.3,Off-road ATV adventure through Sinai desert canyons and Bedouin villages.,https://res.cloudinary.com/ddpwxrmx4/image/upload/v1782588296/ATV_Desert_Sinai_skjyhx.jpg
144,Free Diving Dahab,Dahab,adventure,medium,any,quiet,solo|friends|couple,adult,4,4.7,World-class free diving courses and spots in Dahab's legendary Blue Hole.,https://res.cloudinary.com/ddpwxrmx4/image/upload/v1782588293/Free_Diving_Dahab_v7cx8b.jpg
145,White Desert Camping,Farafra,adventure,medium,winter,quiet,solo|friends|couple,teen|adult,6,4.9,Overnight camp among the alien white chalk formations under a blanket of stars.,https://res.cloudinary.com/ddpwxrmx4/image/upload/v1782588280/White_Desert_Camping_p8zjba.jpg
146,Kite Surfing Ras Sidr,Ras Sidr,adventure,medium,any,moderate,solo|friends|couple,teen|adult,6,4.4,North Sinai kite surfing spot with consistent winds and flat water.,https://res.cloudinary.com/ddpwxrmx4/image/upload/v1782588289/Kite_Surfing_Ras_Sidr_uknuoq.jpg
147,Abseiling Wadi Rahaha,South Sinai,adventure,medium,spring,quiet,solo|friends,teen|adult,4,4.4,Rappel down Sinai granite cliffs beside the route Moses walked.,https://res.cloudinary.com/ddpwxrmx4/image/upload/v1782588296/Abseiling_Wadi_Rahaha_r8n48i.jpg
148,Speedboat Red Sea Sharm,Sharm El-Sheikh,adventure,medium,any,moderate,friends|couple|family,teen|adult|senior,3,4.2,High-speed boat tour to the islands and snorkeling spots around Sharm.,https://res.cloudinary.com/ddpwxrmx4/image/upload/v1782588284/Speedboat_Red_Sea_Sharm_vuu8gw.jpg
149,Paragliding over Luxor,Luxor,adventure,high,winter,quiet,solo|couple,teen|adult,2,4.6,Tandem paragliding over Luxor's temples and the Nile Valley.,https://res.cloudinary.com/ddpwxrmx4/image/upload/v1782588286/Paragliding_over_Luxor_vjlmxi.jpg
150,Cairo Tower Zip Line,Cairo,adventure,medium,any,moderate,friends|couple|family,teen|adult,2,4.1,Urban zip-line experience across Gezira Island with views of the Nile.,https://res.cloudinary.com/ddpwxrmx4/image/upload/v1782588294/Cairo_Tower_Zip_Line_qouxuj.jpg
